category,country,goal,spotlight,staff_pick,state
0,0,1000,0,0,0
1,1,5000,1,0,1
2,1,6000,0,0,0
3,0,400,0,0,0
4,1,11000,1,0,1
1,1,2000,1,0,1
5,1,600,0,0,0
6,1,7450,0,0,0
7,2,5000,1,0,2
7,1,5000,1,0,1
8,1,2700,0,0,0
9,1,1000,0,0,0
3,1,3000,0,0,0
9,3,20000,1,0,1
10,4,5000,1,0,1
6,1,10000,0,0,0
5,5,3500,1,0,1
5,1,7500,1,0,1
9,1,3000,0,0,0
11,1,100,1,0,1
12,1,5000,1,0,1
13,1,30000,1,0,2
14,0,10000,1,0,2
15,0,200,0,0,0
9,1,2000,0,0,0
11,1,1000,1,0,1
15,1,1000,0,1,0
11,1,800,0,0,0
11,6,2500,0,0,0
9,1,150,0,0,0
6,1,20000,0,0,0
9,1,80000,1,0,1
6,0,7500,0,0,0
4,1,240,0,0,0
6,1,1850,0,0,0
9,1,3600,0,0,0
16,1,1000,0,0,0
4,1,1000,0,0,0
17,1,2200,0,0,0
4,0,6000,1,0,1
18,1,10950,0,0,0
9,1,5000,0,0,0
13,0,2500,0,0,0
19,0,12000,1,0,2
20,6,3500,1,0,1
4,7,10000,1,0,1
5,3,22000,0,1,0
5,1,1500,1,0,1
21,1,5000,1,0,1
6,1,19000,0,1,0
6,0,16720,0,0,0
18,1,3800,0,0,0
9,1,4000,1,0,1
5,1,300,0,0,0
22,7,2100,0,0,0
23,1,1400,0,0,0
5,7,10000,1,0,1
9,1,3500,0,0,0
4,6,10000,1,0,1
9,1,250,1,0,1
13,1,5000,1,0,1
5,0,50000,1,1,1
10,1,5000,1,0,1
21,1,500,0,0,0
4,1,10000,1,0,1
12,1,2523,1,0,1
24,3,300000,1,0,1
25,1,3000,1,0,1
26,0,1000,1,0,1
27,1,300,0,0,0
28,1,3000,0,0,0
23,1,20000,0,0,0
1,7,5000,1,0,1
5,1,2000,0,0,0
7,1,25000,1,0,1
29,1,5000,0,0,0
22,1,1500,0,0,0
1,1,20000,1,0,1
11,1,3000,1,0,1
16,1,4500,0,0,0
13,8,15000,1,0,1
10,1,25000,1,0,1
22,1,1175,0,0,0
2,1,2300,0,0,0
22,1,1000,1,0,1
11,1,10000,0,0,0
30,1,750,0,0,0
29,9,500,1,0,1
9,4,2500,1,0,1
19,1,1,0,1,0
31,1,500,0,0,0
16,1,10000,0,0,0
7,10,1500,1,0,1
7,7,1000,1,0,1
12,1,500,1,0,1
20,7,20000,1,1,1
13,1,250000,1,0,2
4,1,5650,1,1,1
14,0,650,0,0,0
12,9,7500,0,0,0
6,11,150000,0,0,0
9,3,50000,1,0,1
25,1,50000,0,0,0
5,1,5000,1,0,1
24,1,5000,0,0,0
13,1,15000,1,0,1
32,0,5500,0,0,0
22,0,3500,1,0,1
19,1,2500,0,0,0
22,1,8500,1,0,2
7,12,200,0,0,0
22,1,20000,1,1,1
7,1,1000,1,0,1
10,7,18000,1,0,1
33,0,450,0,0,0
30,1,3600,0,1,0
4,0,1500,1,0,1
11,0,150,0,0,0
5,1,10000,1,0,1
15,1,100,0,0,0
12,9,7500,0,0,0
3,0,1500,0,0,0
12,1,7500,1,0,1
16,1,4500,0,0,0
9,0,750,1,0,1
9,13,400,0,0,0
34,1,5000,0,0,0
12,1,3000,0,0,0
20,10,1100,1,0,1
15,1,600,0,1,0
9,1,45000,0,0,0
15,1,275,0,1,0
6,0,400,0,0,0
12,1,5000,0,0,0
5,1,500,1,0,1
15,7,1500,0,1,0
1,0,250,0,0,0
2,0,150,0,0,0
19,1,2000,0,0,0
9,1,300,0,0,0
9,1,5000,1,0,1
10,7,1500,1,0,1
11,1,25000,1,0,1
10,14,50000,1,0,1
30,1,8000,0,0,0
10,1,5000,1,0,1
17,1,15000,0,1,0
1,1,10000,1,0,1
10,1,11000,1,1,1
11,1,800,0,0,0
22,1,5000,1,0,1
7,1,50000,1,1,1
9,1,5000,1,0,1
6,1,40000,0,0,0
9,1,350,0,0,0
6,1,15000,0,1,0
7,1,50000,1,0,1
13,1,26500,1,0,1
6,1,10000,0,0,0
9,1,4500,1,1,1
35,7,500,0,0,0
11,1,600,0,0,0
30,1,40000,0,1,0
21,1,1623,1,0,1
12,0,10000,0,1,0
22,1,7500,1,0,1
11,15,5000,1,0,1
10,1,5000,1,0,2
24,1,15000,0,1,0
5,1,15000,1,0,1
31,1,25000,1,0,1
4,1,3000,1,0,1
1,1,30000,0,1,0
20,0,1500,1,0,1
36,0,2000,0,0,0
36,1,1,0,0,0
6,0,1200,0,0,0
5,7,35000,1,0,1
5,0,1325,1,0,1
6,1,20000,0,0,0
21,1,1000,1,0,1
24,1,186508,1,0,1
17,1,875,0,0,0
37,1,7500,0,0,0
11,0,200,0,0,0
10,1,35000,1,0,1
15,12,15000,0,0,0
10,1,2000,1,0,1
31,1,6500,1,0,1
11,1,5000,1,0,1
9,1,400,0,0,0
11,1,1700,0,0,0
11,1,2500,0,0,0
14,0,500,0,0,0
5,1,4500,0,0,0
20,1,2500,0,0,0
7,1,10000,1,0,1
30,1,300,0,0,0
4,1,2000,1,0,1
38,1,10000,0,0,0
10,1,5000,1,0,1
20,1,5000,1,0,1
10,1,650,1,0,1
2,1,25000,0,1,0
11,1,15000,1,0,1
9,7,3500,1,0,1
12,1,25000,1,0,1
5,1,85000,1,0,1
6,1,30000,1,0,1
5,0,75000,1,1,1
5,1,15000,1,0,1
24,7,7500,1,0,1
21,1,600,1,0,1
9,1,3000,0,0,0
37,1,10000,0,0,0
27,1,75000,1,1,1
7,1,400,1,0,2
9,6,2500,1,0,1
1,1,10000,1,0,1
7,1,75000,1,0,1
29,1,27000,0,0,0
31,1,3000,1,0,1
14,1,100000,1,0,1
10,1,50000,1,0,1
11,1,5000,1,0,1
10,1,15333,1,0,2
4,1,500,0,0,0
6,1,25000,0,0,0
10,1,4500,0,1,0
4,1,2500,1,0,1
12,1,150,0,0,0
9,11,30000,1,0,1
37,0,800,0,0,0
10,1,8000,1,0,1
7,1,300,1,0,2
17,1,6000,0,1,0
12,1,24000,1,0,1
11,1,1000,0,0,0
7,1,2000,1,0,1
6,3,5000,1,0,1
5,16,25000,1,0,1
31,1,1200,1,0,1
6,1,10000,0,0,0
15,17,50000,0,0,0
26,1,500,0,0,0
7,1,5000,0,1,0
15,1,5000,0,0,0
5,0,30000,1,0,1
5,1,3000,0,0,0
6,5,5000,0,0,0
5,1,25000,0,1,0
9,1,600,0,0,0
9,1,1000,1,0,1
19,1,1500,0,0,0
5,7,1700,0,0,0
29,0,100000,1,0,1
13,1,20000,1,0,1
6,0,15000,0,0,0
11,1,1500,0,0,0
10,1,250,0,0,0
11,1,3000,0,0,0
19,12,5000,1,0,1
12,1,40,0,0,0
6,1,26000,0,0,0
15,1,250,0,0,0
7,1,50000,1,0,1
10,7,50000,0,1,0
11,1,2000,0,0,0
37,1,12000,0,0,0
6,1,1000,1,0,1
4,1,1000,0,0,0
20,1,3366,1,0,2
20,7,3690,0,0,0
14,0,400,1,0,1
6,1,5000,0,0,0
6,1,10000,1,0,1
12,0,250,0,0,0
5,1,500,0,0,0
7,1,1200,0,0,0
7,1,500,1,0,1
37,1,300,0,0,0
1,1,25000,0,0,0
12,1,2000,1,0,1
11,1,5500,0,0,0
11,12,30000,0,1,0
29,1,35000,0,0,0
12,1,2000,0,0,0
12,1,800,0,0,0
11,1,3000,0,0,0
29,9,8000,1,0,1
31,1,500,0,0,0
7,1,10000,1,0,1
17,1,10000,1,0,1
14,1,100000,1,0,1
26,7,200,0,0,0
22,1,1000,1,0,1
11,1,15000,1,0,1
5,2,10000,0,0,0
22,2,7500,1,0,1
5,1,24000,1,0,1
7,1,5000,1,0,1
15,1,7500,0,0,0
11,1,600,0,0,0
22,1,15000,1,0,1
4,1,12000,1,0,2
12,1,2900,1,0,2
9,7,28710,0,1,0
11,1,750,1,0,1
6,0,20000,0,0,0
7,2,750,0,1,0
5,0,1200,0,0,0
19,1,1250,0,0,0
12,1,6000,1,0,1
1,1,500,1,0,1
11,1,450,0,0,0
4,0,500,1,0,1
20,1,7600,1,0,2
15,1,500,0,1,0
22,3,71600,1,0,1
27,1,1000,1,0,1
20,1,600,0,1,0
6,1,1500,0,1,0
12,8,10000,1,0,1
5,0,50000,1,0,1
12,1,7000,1,0,1
1,1,26000,1,0,1
32,1,2500,1,0,1
7,9,15000,1,0,1
26,1,100,1,0,1
6,3,75000,1,0,1
15,1,100,0,0,0
6,1,15000,0,0,0
5,1,15000,0,0,0
26,1,5000,1,0,1
38,7,5000,0,0,0
7,7,1500,0,0,0
27,1,1000,1,0,1
5,1,7500,1,0,1
9,13,10000,1,0,1
3,0,1500,0,0,0
1,14,30000,1,0,1
30,1,20000,0,1,0
9,1,3000,1,0,1
13,11,12500,0,0,0
19,1,1000,1,0,1
6,1,16000,0,0,0
4,1,1500,0,0,0
29,1,25000,0,0,0
3,0,6000,0,1,0
27,1,230,0,0,0
17,1,10000,0,1,0
6,1,50000,0,0,0
4,0,350,0,0,0
29,1,10000,0,0,0
10,1,2500,1,0,1
6,11,10000,0,0,0
12,1,1000,0,0,0
17,0,5052,1,0,2
19,1,3000,1,0,1
15,1,600,0,0,0
9,18,20000,1,0,1
6,1,20000,0,1,0
10,1,9000,0,0,0
11,1,1600,0,0,0
11,1,5000,0,1,0
7,1,500,0,0,0
11,3,33000,1,0,1
1,0,1000,0,1,0
12,1,500,0,0,0
4,1,10000,1,0,1
22,6,15000,0,1,0
5,1,5000,1,0,1
24,1,50000,0,0,0
3,1,2000,0,0,0
11,1,5000,1,1,1
9,1,10000,1,0,1
1,1,30000,1,0,2
39,1,3000,0,0,0
24,1,50000,1,1,1
22,1,1500,1,0,2
9,1,1000,0,1,0
1,8,10000,1,0,1
11,1,10000,1,0,1
19,1,12000,1,0,1
5,0,15000,1,0,1
20,1,13500,0,0,0
19,12,20000,1,0,1
11,1,1650,1,0,1
16,1,5000,0,1,0
14,7,7500,1,0,2
12,0,120,0,0,0
22,2,8000,1,0,2
5,0,10000,0,0,0
12,1,100,0,0,0
6,1,25000,1,0,1
10,1,215,1,0,1
12,1,1500,1,0,1
12,1,1500,0,0,0
13,0,1000,0,0,0
20,1,1500,1,0,1
5,1,20000,0,1,0
9,1,2000,1,0,1
22,1,3000,0,0,0
21,1,300,1,0,1
14,1,5000,0,0,0
4,1,700,1,0,1
10,1,3550,1,0,1
9,1,300,0,0,0
25,1,800,0,0,0
11,1,500,1,0,1
9,1,2500,1,0,1
6,1,20000,0,0,0
9,1,7000,0,1,0
6,1,6500,0,0,0
13,1,4444,0,1,0
26,1,40,0,0,0
11,1,650,1,0,1
26,1,20000,0,0,0
12,1,35000,0,1,0
19,1,100000,1,0,2
5,1,100000,1,0,1
4,1,5555,1,0,2
5,3,75000,1,0,1
12,16,2500,0,0,0
11,1,3300,0,0,0
14,1,10000,1,0,1
7,1,40000,1,0,2
11,1,10,1,0,1
6,1,200,1,0,1
5,0,32000,1,0,1
4,1,6000,0,0,0
33,9,400,0,0,0
9,2,500000,1,0,1
7,7,6000,1,1,1
1,7,6000,0,0,0
9,1,1000,0,0,0
40,1,170,0,0,0
33,12,20000,0,0,0
16,1,18000,0,0,0
22,12,8000,1,0,1
6,1,1000,0,0,0
9,1,3000,0,0,0
10,3,50000,1,0,1
17,0,20000,0,1,0
6,1,2500,0,0,0
5,1,4200,0,0,0
4,1,30000,1,0,1
6,0,55,0,0,0
11,1,3000,0,0,0
10,1,20000,0,1,0
24,6,50000,1,0,1
19,1,2000,1,0,1
1,1,8000,0,0,0
4,1,1000,1,0,1
16,1,5000,0,0,0
4,1,1200,0,0,0
21,1,500,0,0,0
12,1,2500,1,0,2
1,1,50000,1,0,1
22,1,2000,1,0,1
5,1,375,0,1,0
22,3,35000,1,0,1
4,1,1500,1,0,1
7,1,1000,1,0,1
29,6,5000,0,1,0
5,1,1900,1,0,1
9,1,2000,0,0,0
26,1,10500,1,1,1
6,1,1800,0,0,0
13,1,800,1,0,1
4,7,650,0,0,0
5,9,5000,1,0,1
2,0,800,0,0,0
10,1,25000,1,0,2
9,1,13800,1,0,1
11,1,5700,0,0,0
1,1,7000,1,0,2
37,1,5000,0,0,0
21,16,10000,1,0,1
9,1,2500,0,0,0
7,1,200,0,0,0
4,1,600,0,0,0
9,1,2000,0,0,0
7,1,10000,1,0,1
9,1,3300,1,0,1
19,1,5000,1,0,1
29,7,2000,1,0,1
1,1,12500,1,0,1
1,1,3000,1,0,1
11,1,3000,1,0,1
17,0,900,0,0,0
22,1,5000,1,0,1
10,1,700,1,0,1
11,1,25000,0,1,0
13,1,500000,1,0,1
6,1,2500,0,1,0
5,1,3275,1,0,1
19,1,3400,1,0,1
0,0,1000,0,0,0
12,1,20000,1,0,1
34,1,6000,0,0,0
12,7,12000,0,0,0
9,1,2300,1,0,1
11,1,2800,1,0,1
31,0,700,1,0,1
6,1,1000,1,0,1
22,1,42000,0,0,0
11,1,3500,0,1,0
13,0,1500,0,0,0
24,1,2600,0,1,0
9,1,1000,1,0,1
35,1,5000,0,1,0
11,1,2000,1,0,1
13,1,1200,0,0,0
18,0,1000,0,0,0
4,1,5000,1,0,1
19,1,10000,1,0,1
11,1,3143,1,0,1
5,1,200000,0,1,0
13,1,5000,1,0,1
22,16,600,1,0,1
10,1,1000,1,0,1
33,1,8000,0,0,0
9,7,15000,1,0,1
9,1,3000,1,0,1
37,9,1250,0,0,0
13,1,10000,1,0,2
13,1,50,1,0,1
37,1,5500,0,0,0
33,1,10000,0,0,0
7,3,10000,1,0,1
29,1,15000,1,0,1
29,1,12500,0,0,0
13,1,1300000,1,0,2
5,1,2000,1,0,1
9,1,4500,0,0,0
7,1,20,1,0,1
37,1,6500,0,0,0
12,1,300,1,0,1
4,0,200,1,0,1
20,9,1800,1,0,1
22,1,4000,1,0,1
14,1,7500,1,0,1
23,1,13948,0,0,0
2,1,28500,0,0,0
33,1,10000,0,0,0
20,1,20000,0,0,0
41,19,3000,0,0,0
42,2,1200,0,0,0
42,1,2000,0,0,0
43,1,200000,0,1,0
43,1,25000,1,0,1
44,1,1701,0,1,0
43,1,5000,1,0,1
45,1,55000,1,0,1
34,1,4900,0,1,0
39,1,50000,1,0,1
42,1,800,1,0,1
42,1,14000,1,0,1
46,3,10000,1,0,1
46,0,650,0,0,0
42,1,5000,1,0,1
42,1,10000,0,1,0
34,1,12000,0,1,0
47,1,25000,0,0,0
34,1,7500,0,0,0
48,1,6000,0,1,0
42,1,150,0,0,0
49,1,500,0,0,0
34,1,20000,0,0,0
45,7,35000,1,0,1
39,7,15000,1,0,2
46,1,3150,0,0,0
50,1,51500,0,1,0
51,1,20000,1,0,1
45,1,200,1,0,1
52,1,25000,0,0,0
34,0,19000,0,0,0
34,1,8500,0,0,0
43,1,1000,0,0,0
46,1,10000,1,0,1
42,5,2100,1,0,1
42,1,2000,1,0,1
42,1,725,0,0,0
46,1,8000,0,0,0
48,1,5000,1,0,1
34,1,30000,0,0,0
39,1,17500,1,0,1
39,6,50000,1,0,2
34,0,3000,0,0,0
43,0,55000,1,0,1
34,1,15000,0,0,0
46,1,2500,1,0,1
34,7,10000,0,0,0
52,1,20000,0,0,0
42,1,5500,0,0,0
46,1,2000,1,0,1
51,1,3000,0,0,0
53,6,1800,0,0,0
43,1,70000,1,0,2
39,9,100000,1,0,1
46,12,2000,0,1,0
39,1,9000,0,0,0
34,1,6800,0,0,0
41,9,15000,0,0,0
45,1,375,1,0,1
46,1,4000,0,0,0
34,1,400,0,0,0
48,1,500,0,0,0
48,1,600,0,0,0
46,1,800,0,0,0
45,8,15000,1,0,1
44,19,120000,0,0,0
39,0,1500,1,0,1
52,1,500,0,0,0
34,1,15000,0,0,0
42,1,18000,1,1,1
46,0,1000,1,0,1
34,1,6000,0,1,0
39,1,1668,1,0,1
43,1,40000,1,0,1
34,1,15000,0,0,0
46,1,7200,0,1,0
34,1,10500,0,0,0
34,1,2000,0,0,0
34,1,4500,0,1,0
54,1,7500,0,0,0
55,1,15,1,0,2
42,1,5500,1,0,1
52,2,2000,0,0,0
34,1,5000,0,0,0
46,0,1000,0,0,0
34,1,8000,0,1,0
46,1,3500,1,0,1
43,17,25000,1,0,2
39,1,2752,1,0,1
56,1,20000,0,0,0
34,1,5000,0,0,0
46,1,15000,0,1,0
39,1,35000,1,0,1
42,12,500,1,0,1
46,1,3000,0,0,0
42,7,3000,1,0,1
45,1,1860,1,0,1
46,1,3500,0,0,0
46,0,3500,0,0,0
42,1,5000,1,0,1
42,1,2500,1,0,1
43,2,3500,1,0,1
43,1,38500,1,1,1
44,0,1800,0,0,0
42,0,600,0,0,0
46,1,3000,1,0,1
46,1,5000,1,0,1
39,1,10000,1,0,1
45,1,18000,1,0,1
44,15,30000,0,0,0
43,5,38000,0,1,0
46,1,85,1,0,1
51,1,4500,0,0,0
45,12,2500,1,0,1
52,1,5000,0,1,0
57,0,10000,1,0,1
34,1,4000,0,0,0
34,1,3500,0,0,0
42,0,500,0,1,0
29,1,2000,0,0,0
46,1,1000,1,0,2
46,1,5500,0,1,0
48,1,1000,0,0,0
39,1,113000,0,0,0
42,1,1000,0,0,0
34,1,5000,0,0,0
44,16,1500,0,0,0
43,9,180000,1,0,2
39,1,35000,1,0,1
46,7,2500,0,0,0
42,1,1500,0,0,0
43,1,37500,1,0,1
45,1,600,1,0,1
42,1,1000,1,0,1
53,1,20000,0,1,0
34,1,5000,0,0,0
39,1,12000,0,0,0
42,1,500,0,0,0
41,7,5000,0,0,0
58,16,50,0,0,0
43,1,5000,0,0,0
34,0,5000,0,1,0
42,1,500,1,0,2
46,1,14000,0,1,0
46,1,3500,0,1,0
51,3,1575000,1,0,1
51,1,10000,1,1,1
24,1,50000,0,0,0
45,1,3000,1,0,1
52,1,4000,0,0,0
39,1,50000,1,0,1
58,19,30000,0,0,0
34,1,12000,0,0,0
42,1,15000,1,0,1
34,1,50000,1,0,1
39,1,50000,1,0,1
42,1,30000,1,0,1
39,1,100000,1,0,2
42,1,5000,1,0,1
42,1,2200,1,0,1
34,1,2200,0,0,0
53,1,100,0,0,0
46,1,15000,0,1,0
34,1,5000,0,0,0
42,0,500,0,0,0
48,1,4200,1,0,1
45,1,25000,1,0,1
43,1,48000,1,0,2
42,1,2500,1,0,1
59,2,1000,0,0,0
42,0,250,1,0,2
48,0,8000,0,1,0
39,1,500,1,0,1
51,1,25000,1,0,1
48,3,40000,0,1,0
42,1,1868,0,1,0
42,1,3500,0,0,0
43,1,40000,0,0,0
57,0,200,1,0,1
46,1,22000,1,0,1
42,0,2000,1,0,1
34,0,900,0,0,0
34,1,300,0,0,0
34,1,10000,0,0,0
49,12,10000,0,0,0
52,1,50000,0,1,0
42,0,1500,1,0,1
43,1,25000,0,0,0
46,1,4000,0,1,0
29,1,12800,1,0,1
60,0,4500,0,0,0
29,1,350000,1,0,1
61,1,6300,0,0,0
62,0,1350,0,0,0
63,0,280,0,0,0
29,1,7000,1,0,1
64,7,8000,0,1,0
65,1,8,1,0,2
66,8,5000,1,0,1
67,0,2000,0,1,0
62,1,14000,0,0,0
16,1,650,1,0,1
16,1,6000,1,0,1
29,1,100000,1,0,1
29,3,150000,1,0,1
67,1,18000,0,1,0
65,1,5000,1,0,1
68,1,4000,0,1,0
6,1,2000,0,0,0
16,1,20000,0,0,0
68,1,2750,0,0,0
67,1,8000,0,0,0
69,2,5000,1,0,1
62,1,3500,0,0,0
66,0,2500,1,1,1
70,7,4000,0,0,0
65,1,780000,1,0,1
71,10,4500,0,1,0
67,1,2976,0,1,0
72,1,10000,0,0,0
6,1,500,0,0,0
65,1,15000,1,0,1
65,1,10,0,0,0
66,6,7500,0,0,0
68,1,1200,0,0,0
60,1,16200,0,0,0
68,1,7000,1,0,2
67,1,6000,0,0,0
60,1,12000,0,0,0
62,1,6000,0,0,0
20,0,200,0,0,0
73,1,2112,0,0,0
60,0,2500,0,0,0
16,1,12500,0,1,0
67,1,600,0,0,0
66,0,1000,1,0,1
72,1,10000,0,1,0
62,1,2500,0,0,0
16,1,1500,0,1,0
63,0,300,0,0,0
62,1,1800,0,0,0
22,1,4000,0,0,0
69,2,1600,0,0,0
69,16,5500,1,0,1
6,1,7500,0,0,0
66,8,15400,1,0,1
74,1,15500,0,1,0
62,1,15000,0,0,0
62,1,2000,0,0,0
63,1,850,0,0,0
62,1,7000,0,0,0
20,1,6000,0,0,0
62,1,3500,0,0,0
67,1,3970,0,0,0
75,1,500,0,0,0
63,1,15,0,0,0
65,1,8000,1,0,2
62,1,3500,0,0,0
64,1,20000,1,0,1
66,16,50000,1,0,2
64,1,25000,0,0,0
62,1,1000,0,0,0
67,1,10000,0,0,0
16,1,30000,0,1,0
65,1,100000,1,0,1
68,1,30000,1,0,1
62,1,1000,0,0,0
68,1,1500,0,0,0
73,1,18000,0,0,0
60,1,16000,0,1,0
62,1,1200,0,0,0
69,1,1000,0,0,0
66,1,75000,1,0,1
68,1,15000,0,1,0
68,1,1200,1,0,1
60,1,25200,0,1,0
67,0,7500,0,0,0
65,1,300,1,0,1
67,5,8500,0,1,0
72,1,500,0,0,0
16,1,3250,0,1,0
60,2,2500,0,0,0
64,17,50000,1,0,1
16,1,500,0,0,0
69,1,14000,1,0,1
29,1,15000,1,0,1
16,1,1200,0,0,0
16,1,3000,0,0,0
60,0,20000,0,1,0
22,1,500,0,0,0
20,1,750,0,0,0
65,1,500,0,1,0
65,1,3000,1,0,1
62,1,15000,0,0,0
67,1,6500,0,1,0
68,1,5000,0,0,0
60,0,5000,0,1,0
76,1,5000,0,0,0
65,1,11000,1,0,2
65,1,1500,1,0,2
63,1,1300,0,0,0
16,1,1000,1,0,1
29,3,68105,1,0,1
16,1,275,0,0,0
66,1,20000,1,1,1
64,1,4000,1,0,1
77,1,6000,0,1,0
63,8,550,0,0,0
16,1,3800,0,0,0
67,1,3000,0,0,0
66,8,15000,1,0,1
74,0,3500,0,0,0
37,1,30000,0,0,0
68,1,250000,1,0,1
15,1,500,0,0,0
67,0,4000,0,1,0
68,1,1200,1,0,2
70,1,5800,0,0,0
66,1,29000,0,0,0
15,1,6000,0,0,0
64,1,15000,0,0,0
67,1,700,0,0,0
71,1,2500,0,0,0
67,1,4000,0,0,0
68,1,10000,1,0,2
29,12,100,1,0,1
64,1,20000,1,0,1
62,1,300,0,1,0
67,0,3500,0,0,0
69,12,9500,1,0,1
69,0,500,0,0,0
68,1,16000,0,0,0
67,1,2000,0,0,0
29,1,15000,1,0,1
64,1,25000,0,1,0
68,1,3500,1,0,1
78,1,2500,0,0,0
60,0,2700,0,1,0
69,1,7000,1,0,1
67,0,4000,0,0,0
62,1,4000,0,0,0
16,1,7500,0,0,0
72,1,2500,0,0,0
29,12,900,1,0,1
62,1,2000,0,0,0
77,1,3000,0,1,0
77,1,7000,0,0,0
60,1,9000,0,0,0
65,1,35000,1,0,2
67,1,2000,0,0,0
16,1,6250,0,0,0
72,1,10000,0,0,0
79,1,4200,0,0,0
6,7,15000,0,1,0
65,1,60000,1,0,1
65,7,40,0,0,0
63,0,300,0,0,0
69,1,8000,0,0,0
16,8,600,1,0,1
67,1,2500,0,1,0
66,1,5000,0,0,0
69,1,30000,1,0,1
16,0,1000,0,0,0
68,12,1800,0,0,0
60,0,9000,0,1,0
20,1,2900,0,0,0
80,1,3000,0,0,0
62,1,6000,0,0,0
16,1,30000,0,1,0
61,1,25000,0,0,0
81,1,4000,0,0,0
70,1,4500,0,0,0
65,1,20000,1,0,1
64,1,300000,1,0,1
16,1,2000,0,0,0
74,1,3000,0,0,0
62,1,5000,0,0,0
65,1,16500,1,0,1
82,1,2500,0,0,0
16,1,6000,0,0,0
6,15,10000,0,0,0
62,1,2500,0,0,0
75,0,10,0,0,0
83,1,10000,0,0,0
84,1,7500,0,1,0
68,16,500,0,0,0
65,1,12000,1,0,1
68,1,15000,1,0,1
84,1,15500,0,0,0
65,1,6000,0,0,0
69,1,7500,0,0,0
67,1,3000,0,0,0
85,6,30000,0,0,0
74,1,500,0,0,0
62,1,2400,0,0,0
16,1,6800,0,1,0
16,1,1000,0,0,0
64,1,10000,1,0,1
16,0,15000,1,0,1
62,1,10000,0,0,0
62,8,2200,0,0,0
29,7,2000,1,0,1
68,1,1500,0,0,0
67,1,18000,0,0,0
64,1,50000,1,0,1
63,1,500,0,0,0
67,1,10000,0,0,0
68,1,20000,1,0,1
65,1,6000,1,0,2
11,1,5000,1,0,1
65,1,15000,1,0,1
61,1,15000,0,0,0
62,1,7700,0,0,0
29,7,10000,1,0,1
62,1,5000,0,0,0
65,0,2200,0,0,0
69,1,525,0,0,0
37,1,1000,0,0,0
22,1,3500,0,0,0
69,1,13000,1,0,1
62,3,120000,0,0,0
63,1,700,0,0,0
29,1,100000,1,0,1
86,0,2500,0,0,0
65,1,10000,0,1,0
66,7,15000,1,0,1
64,1,45000,1,0,1
16,1,6000,0,1,0
22,0,1000,0,0,0
29,1,30000,1,0,1
72,0,2500,0,1,0
68,1,2800,1,0,1
67,16,10000,0,0,0
87,1,15000,0,0,0
63,1,395,0,0,0
62,1,2000,0,0,0
63,7,900,0,0,0
65,1,5500,1,0,2
60,1,26500,0,0,0
68,16,30000,1,0,1
69,1,12000,1,0,1
16,1,4000,0,0,0
86,0,500,0,0,0
68,1,30000,1,0,2
64,18,230000,1,0,1
62,1,550,0,0,0
25,7,8000,0,0,0
67,1,2000,0,0,0
88,1,1000,0,0,0
63,6,200,0,0,0
74,1,5000,0,0,0
63,1,700,0,0,0
65,1,1500,0,0,0
66,1,5000,1,0,2
6,18,1200,0,0,0
69,16,6999,0,0,0
62,1,10000,0,0,0
84,7,4000,0,0,0
69,1,13000,0,0,0
22,1,4500,0,0,0
74,0,2500,0,1,0
29,0,6000,1,0,1
16,1,70000,1,0,1
67,1,4985,0,0,0
72,9,160,0,0,0
16,1,8000,0,0,0
68,1,50,0,0,0
75,1,1650,0,0,0
62,1,3000,0,0,0
64,1,15000,1,0,1
16,16,5000,1,0,1
62,20,100000,0,0,0
62,1,10000,0,0,0
69,1,100,0,0,0
86,1,500,0,0,0
29,1,20000,1,0,1
29,1,12000,1,0,1
29,8,10000,1,0,1
16,1,8000,0,0,0
16,1,6850,0,1,0
70,1,10000,0,0,0
67,1,1500,0,0,0
60,1,7500,0,0,0
17,1,595,0,0,0
86,1,2000,0,0,0
74,1,3500,0,0,0
67,1,20000,0,1,0
69,1,99,0,0,0
63,1,600,0,0,0
67,1,3500,0,0,0
65,1,150000,1,1,2
6,1,10000,0,0,0
86,1,5000,0,1,0
74,0,2500,0,0,0
74,1,3300,0,0,0
64,1,30000,1,0,1
68,1,12000,1,0,1
63,1,16000,0,0,0
69,1,3000,0,0,0
62,1,1000,0,0,0
64,1,80000,1,0,1
69,1,12000,0,0,0
67,1,20000,0,0,0
89,1,4000,0,0,0
16,1,3000,0,0,0
68,1,3800,1,0,1
68,6,30000,1,0,1
64,1,9800,0,0,0
64,6,4000,0,0,0
62,1,1700,0,0,0
68,1,9000,0,0,0
71,1,40000,0,0,0
63,1,1400,0,0,0
29,1,5500,1,0,1
63,1,250,0,0,0
16,1,18000,1,0,1
22,1,16500,0,0,0
62,1,750,0,0,0
70,1,17850,0,0,0
65,1,10000,1,0,1
6,5,40000,0,0,0
69,7,6000,1,0,1
16,1,5000,1,1,1
67,1,3000,0,0,0
67,1,5000,0,0,0
69,1,8000,0,0,0
65,0,50,1,0,1
29,0,2800,1,0,1
67,1,5000,0,0,0
66,9,5555,0,1,0
63,1,1500,0,0,0
73,2,600,0,0,0
64,1,37000,0,1,0
12,1,5000,0,0,0
60,1,20000,0,1,0
63,1,200,0,0,0
68,1,420,1,1,1
90,1,2000,1,0,1
69,1,18000,0,0,0
6,1,5000,0,0,0
69,1,7000,0,0,0
68,1,45000,1,1,1
77,1,120,0,0,0
78,1,22500,0,0,0
65,1,30000,1,0,1
67,0,9000,0,0,0
16,1,2500,0,1,0
89,1,3000,0,0,0
29,8,550,1,0,1
72,0,1500,0,0,0
66,0,300,1,0,1
29,7,500,1,0,1
69,1,15000,0,0,0
66,18,8000,1,0,1
16,1,8000,0,1,0
64,1,10000,0,1,0
60,1,13000,0,0,0
67,1,5500,0,1,0
77,1,7800,0,0,0
29,13,700000,1,0,1
69,1,99,0,0,0
64,1,25000,0,0,0
62,1,1600,0,0,0
63,1,300,0,0,0
64,1,5000,0,0,0
69,1,3000,0,0,0
69,1,10000,1,0,1
71,1,11500,0,0,0
64,1,15000,0,1,0
65,1,5000,0,0,0
72,1,8200,0,0,0
88,0,800,0,0,0
67,1,8000,0,0,0
69,1,20000,0,0,0
66,1,13000,1,0,1
65,1,4000,0,1,0
29,1,18000,1,0,1
71,1,10000,0,1,0
6,1,800,0,0,0
64,1,135000,1,0,1
69,1,15000,0,0,0
11,1,500,1,0,2
64,1,8000,0,0,0
65,1,5500,1,0,2
62,1,500,0,0,0
68,0,5000,1,0,1
64,1,50000,1,0,1
67,9,5500,0,0,0
69,1,7500,0,0,0
67,1,10000,0,0,0
60,1,7000,0,0,0
62,1,575,0,0,0
73,0,600,0,0,0
29,1,75000,1,0,1
6,12,10000,0,0,0
16,1,13500,0,1,0
68,1,2000,0,0,0
82,1,4000,0,1,0
77,1,8500,0,0,0
29,1,75000,1,0,1
65,1,20000,1,0,1
69,1,7000,0,0,0
16,1,1000,0,0,0
29,1,110000,1,0,1
60,1,5000,0,0,0
67,1,3000,0,0,0
71,1,10000,0,0,0
60,1,575,0,0,0
62,1,5000,0,0,0
69,19,62606,0,0,0
60,1,500,0,0,0
69,1,5000,0,0,0
65,1,25000,1,0,1
67,1,5500,0,0,0
60,0,2100,0,1,0
16,1,3000,0,0,0
68,1,500,0,0,0
60,1,400,0,0,0
68,1,5000,1,0,1
78,1,5000,0,0,0
74,1,1050,0,0,0
90,7,2500,1,0,2
67,0,2000,0,1,0
16,0,2000,0,0,0
67,1,592,0,0,0
62,1,3000,0,0,0
61,19,7000,0,0,0
66,16,5000,1,0,2
65,0,20,1,0,1
70,1,3000,0,0,0
68,1,550,1,0,1
67,1,14500,0,1,0
16,1,350,0,0,0
63,0,500,0,0,0
29,0,50000,1,1,1
16,1,8000,0,1,0
71,1,15000,0,0,0
68,1,15000,0,1,0
62,1,7500,0,0,0
22,0,1350,0,0,0
69,1,1150,0,0,0
68,0,2200,1,0,1
68,0,5000,1,0,1
67,1,2500,0,0,0
71,1,6000,0,0,0
16,1,2000,1,0,1
16,0,550,0,0,0
86,1,4000,0,1,0
62,12,500,0,0,0
84,1,8500,0,0,0
16,1,600,0,0,0
91,1,4500,0,0,0
74,0,200,0,0,0
68,1,40000,1,0,2
75,7,400,0,0,0
70,7,6000,0,0,0
29,1,150000,1,0,1
89,1,5000,0,0,0
6,1,10000,0,0,0
65,1,15000,1,0,1
65,0,10000,1,0,1
20,0,800,0,0,0
86,1,20000,0,0,0
69,1,10000,1,0,1
86,0,375,0,0,0
68,1,5000,1,0,1
6,1,1500,0,0,0
84,0,1500,0,0,0
74,1,10000,0,0,0
29,1,70000,1,0,1
63,6,225,0,0,0
16,1,3000,0,0,0
86,1,2500,0,0,0
65,1,5000,1,0,1
16,1,12000,0,0,0
62,1,5000,0,0,0
67,1,12000,0,0,0
17,1,3000,0,1,0
92,1,1500,0,0,0
31,1,7500,0,0,0
68,1,324,1,0,1
66,12,35000,1,0,1
60,0,8550,0,1,0
69,0,2500,0,0,0
69,0,300,0,0,0
89,0,10000,0,0,0
6,1,8000,0,0,0
73,1,10000,0,0,0
68,1,1600,0,0,0
65,1,3500,1,0,2
64,1,550000,1,0,1
62,0,1000,0,0,0
16,1,6000,0,0,0
67,1,1320,0,0,0
67,1,3000,0,0,0
68,1,1,1,0,2
29,1,1000,1,0,1
66,12,20000,1,0,1
61,12,5000,0,0,0
67,1,600,0,1,0
68,1,20000,1,0,1
29,0,2500,1,0,1
72,1,1000,0,0,0
68,1,2500,1,0,1
65,1,300,1,0,1
68,1,300,0,0,0
65,7,3000,1,0,1
66,1,10000,1,0,1
62,1,7000,0,0,0
64,3,1200000,1,0,1
67,1,2300,0,0,0
67,1,10000,0,0,0
67,1,3120,0,0,0
6,2,7000,0,0,0
65,1,5000,1,0,1
86,1,1500,0,0,0
68,1,11000,1,0,1
29,1,100000,1,0,1
68,1,5000,1,0,1
67,0,1750,0,0,0
74,1,3871,0,0,0
68,0,100000,0,1,0
63,1,850,0,0,0
90,1,1500,1,1,1
29,6,35000,1,0,1
77,2,9500,0,1,0
16,1,10000,0,0,0
67,0,4000,0,0,0
89,1,1500,0,0,0
70,15,4500,0,0,0
16,1,800,0,0,0
63,7,1800,0,0,0
20,9,10000,0,1,0
69,2,400,1,0,1
61,1,6200,0,0,0
68,16,6000,1,0,1
6,0,15000,0,0,0
72,2,15000,0,0,0
68,1,785,1,0,1
66,1,30000,1,0,1
92,7,7500,0,0,0
63,1,500,0,0,0
16,1,1100,0,0,0
72,9,1500,0,0,0
66,1,10000,0,0,0
69,3,80000,1,0,1
64,1,20000,1,0,1
64,1,4000,1,0,1
68,1,5000,1,0,1
62,1,1000,0,0,0
62,1,600,0,0,0
68,1,4000,0,0,0
64,1,25000,0,1,0
60,1,4375,0,0,0
20,1,3000,0,1,0
84,1,5000,0,0,0
64,1,200000,1,0,1
63,12,249,0,0,0
29,2,5000,1,0,1
74,13,2000,0,0,0
68,1,6750,0,0,0
65,1,5000,1,0,1
67,12,35000,0,1,0
22,1,11250,0,0,0
69,18,8000,0,0,0
86,1,8000,0,0,0
68,18,1000,0,0,0
16,1,900,0,0,0
69,1,1000,0,0,0
69,1,18000,0,1,0
65,1,15000,1,0,2
34,1,10000,0,0,0
51,11,75000,1,0,1
42,8,1500,1,0,1
29,1,300,0,0,0
42,1,3500,1,0,1
57,0,10000,1,1,1
42,1,50000,1,0,1
43,0,3000,1,0,1
42,1,1200,1,0,1
42,0,200,0,0,0
34,1,3000,0,0,0
39,1,350000,1,0,1
42,1,4300,1,0,1
42,19,1000,0,0,0
34,1,3000,0,1,0
39,0,500000,1,0,1
34,1,5000,0,0,0
43,1,82500,1,0,1
42,1,2500,1,0,1
43,1,50000,0,0,0
56,1,20000,0,1,0
34,1,7500,0,0,0
42,1,25,0,0,0
34,1,5000,0,0,0
34,1,5000,0,0,0
93,1,999,0,0,0
34,1,20000,0,1,0
42,1,4500,0,1,0
55,1,4500,1,0,2
57,10,2500,1,0,1
34,1,2000,0,0,0
29,0,99,0,0,0
46,1,3000,0,1,0
41,1,50000,0,1,0
45,1,20000,1,0,1
34,1,15000,0,0,0
46,1,2500,0,0,0
42,0,6200,1,0,1
57,1,4439,1,0,2
39,1,50000,1,0,2
34,1,10000,0,0,0
42,0,300,0,0,0
46,7,2000,0,0,0
45,0,4860,1,0,1
42,0,50000,0,1,0
39,1,1130,1,0,1
42,6,33300,0,1,0
48,1,1000,0,0,0
39,0,15000,1,0,1
41,1,15000,0,0,0
34,1,3000,0,0,0
93,0,15000,0,0,0
34,7,4000,0,0,0
42,1,1000,1,0,1
34,1,1500,1,0,1
43,1,9000,0,0,0
46,1,5500,1,0,1
45,7,1000,1,0,1
42,0,500,0,0,0
34,1,1000,0,0,0
42,0,385,0,0,0
43,1,40000,1,1,1
34,1,55000,0,0,0
45,0,32600,1,0,1
34,1,20000,0,1,0
39,1,57,0,0,0
34,1,10000,0,0,0
45,1,699,1,0,1
39,1,5000,0,0,0
48,12,500,0,0,0
39,1,75000,1,0,2
43,2,2200,0,0,0
43,1,1000,1,0,1
42,0,500,1,0,1
48,0,600,0,0,0
39,1,47000,1,0,1
46,1,2500,1,0,1
48,1,15000,0,1,0
42,1,3500,1,0,1
45,1,75000,1,0,1
42,1,3900,1,0,1
48,1,350,0,0,0
34,1,7995,0,0,0
49,1,18000,0,0,0
39,1,3000,0,0,0
46,1,4500,0,0,0
34,1,12000,0,0,0
48,1,30000,1,0,2
34,1,5000,1,0,1
10,1,2500,0,0,0
44,1,35000,0,0,0
29,17,20000,0,0,0
34,1,33000,0,0,0
46,1,5500,0,1,0
41,1,20000,0,0,0
42,1,5000,1,0,1
34,1,30000,0,0,0
47,7,5000,0,0,0
42,1,3000,1,0,1
51,1,15000,0,0,0
39,1,12000,1,0,1
43,1,1800,0,1,0
42,1,500,0,1,0
48,1,1200,0,0,0
45,1,2500,1,0,1
42,7,5000,0,0,0
42,8,200,1,0,1
45,8,18000,1,0,1
34,7,6000,0,0,0
42,1,1200,0,0,0
45,1,4500,1,0,1
46,1,10000,1,0,1
42,2,8000,0,0,0
44,1,10000,0,0,0
42,1,420,1,0,2
39,1,5000,0,0,0
34,1,5000,0,0,0
43,12,380000,1,0,1
42,19,1500,1,0,1
34,1,4500,0,0,0
94,1,2000,0,1,0
55,1,5000,1,0,2
45,1,5000,1,0,1
34,1,11000,0,0,0
34,1,400,0,0,0
39,1,100000,1,0,1
43,1,5000,1,0,1
42,0,100,0,0,0
42,1,500,1,0,1
45,1,5000,1,0,1
34,1,15000,0,0,0
45,1,7500,1,0,1
42,1,7000,1,0,1
42,1,5000,0,0,0
34,1,2500,0,0,0
46,1,5007,0,0,0
34,1,7000,0,0,0
39,1,50000,1,0,2
34,1,2000,1,0,1
42,0,350,1,0,1
34,1,3000,0,0,0
42,0,1000,0,0,0
34,1,100000,1,1,1
34,1,3000,0,0,0
48,0,2700,1,1,1
42,1,1000,1,0,1
34,1,3000,0,0,0
39,1,4000,1,0,1
24,16,149,0,0,0
42,0,450,1,0,1
34,1,21000,0,1,0
45,1,3000,1,0,1
43,5,640000,1,1,1
57,1,15000,1,0,1
42,1,1000,1,0,2
46,1,200,1,0,1
94,1,580,0,0,0
34,1,2500,0,0,0
34,1,3000,0,0,0
39,1,7000,1,0,1
43,1,25000,1,0,1
42,1,20130,1,0,1
39,1,3100000,1,0,1
57,1,200,1,0,1
44,0,2500,0,0,0
58,0,3000,0,1,0
42,4,2500,1,0,1
39,1,1500,1,0,1
39,1,85000,1,0,1
46,0,1000,0,0,0
42,1,20000,1,0,1
39,1,95000,1,0,1
34,1,18000,0,0,0
51,1,12500,1,0,1
46,1,3000,1,0,1
34,1,15000,0,0,0
45,2,30000,1,1,1
49,3,20000,0,0,0
34,1,10000,0,0,0
46,1,2000,1,0,1
45,1,1000,1,0,1
